--
-- PostgreSQL database dump
--

-- Dumped from database version 15.8 (Debian 15.8-0+deb12u1)
-- Dumped by pg_dump version 15.8 (Debian 15.8-0+deb12u1)

SET statement_timeout = 0;
SET lock_timeout = 0;
SET idle_in_transaction_session_timeout = 0;
SET client_encoding = 'UTF8';
SET standard_conforming_strings = on;
SELECT pg_catalog.set_config('search_path', '', false);
SET check_function_bodies = false;
SET xmloption = content;
SET client_min_messages = warning;
SET row_security = off;

SET default_tablespace = '';

SET default_table_access_method = heap;

--
-- Name: auth_group; Type: TABLE; Schema: public; Owner: scull_suite
--

CREATE TABLE public.auth_group (
    id integer NOT NULL,
    name character varying(150) NOT NULL
);


ALTER TABLE public.auth_group OWNER TO scull_suite;

--
-- Name: auth_group_id_seq; Type: SEQUENCE; Schema: public; Owner: scull_suite
--

ALTER TABLE public.auth_group ALTER COLUMN id ADD GENERATED BY DEFAULT AS IDENTITY (
    SEQUENCE NAME public.auth_group_id_seq
    START WITH 1
    INCREMENT BY 1
    NO MINVALUE
    NO MAXVALUE
    CACHE 1
);


--
-- Name: auth_group_permissions; Type: TABLE; Schema: public; Owner: scull_suite
--

CREATE TABLE public.auth_group_permissions (
    id bigint NOT NULL,
    group_id integer NOT NULL,
    permission_id integer NOT NULL
);


ALTER TABLE public.auth_group_permissions OWNER TO scull_suite;

--
-- Name: auth_group_permissions_id_seq; Type: SEQUENCE; Schema: public; Owner: scull_suite
--

ALTER TABLE public.auth_group_permissions ALTER COLUMN id ADD GENERATED BY DEFAULT AS IDENTITY (
    SEQUENCE NAME public.auth_group_permissions_id_seq
    START WITH 1
    INCREMENT BY 1
    NO MINVALUE
    NO MAXVALUE
    CACHE 1
);


--
-- Name: auth_permission; Type: TABLE; Schema: public; Owner: scull_suite
--

CREATE TABLE public.auth_permission (
    id integer NOT NULL,
    name character varying(255) NOT NULL,
    content_type_id integer NOT NULL,
    codename character varying(100) NOT NULL
);


ALTER TABLE public.auth_permission OWNER TO scull_suite;

--
-- Name: auth_permission_id_seq; Type: SEQUENCE; Schema: public; Owner: scull_suite
--

ALTER TABLE public.auth_permission ALTER COLUMN id ADD GENERATED BY DEFAULT AS IDENTITY (
    SEQUENCE NAME public.auth_permission_id_seq
    START WITH 1
    INCREMENT BY 1
    NO MINVALUE
    NO MAXVALUE
    CACHE 1
);


--
-- Name: auth_user; Type: TABLE; Schema: public; Owner: scull_suite
--

CREATE TABLE public.auth_user (
    id integer NOT NULL,
    password character varying(128) NOT NULL,
    last_login timestamp with time zone,
    is_superuser boolean NOT NULL,
    username character varying(150) NOT NULL,
    first_name character varying(150) NOT NULL,
    last_name character varying(150) NOT NULL,
    email character varying(254) NOT NULL,
    is_staff boolean NOT NULL,
    is_active boolean NOT NULL,
    date_joined timestamp with time zone NOT NULL
);


ALTER TABLE public.auth_user OWNER TO scull_suite;

--
-- Name: auth_user_groups; Type: TABLE; Schema: public; Owner: scull_suite
--

CREATE TABLE public.auth_user_groups (
    id bigint NOT NULL,
    user_id integer NOT NULL,
    group_id integer NOT NULL
);


ALTER TABLE public.auth_user_groups OWNER TO scull_suite;

--
-- Name: auth_user_groups_id_seq; Type: SEQUENCE; Schema: public; Owner: scull_suite
--

ALTER TABLE public.auth_user_groups ALTER COLUMN id ADD GENERATED BY DEFAULT AS IDENTITY (
    SEQUENCE NAME public.auth_user_groups_id_seq
    START WITH 1
    INCREMENT BY 1
    NO MINVALUE
    NO MAXVALUE
    CACHE 1
);


--
-- Name: auth_user_id_seq; Type: SEQUENCE; Schema: public; Owner: scull_suite
--

ALTER TABLE public.auth_user ALTER COLUMN id ADD GENERATED BY DEFAULT AS IDENTITY (
    SEQUENCE NAME public.auth_user_id_seq
    START WITH 1
    INCREMENT BY 1
    NO MINVALUE
    NO MAXVALUE
    CACHE 1
);


--
-- Name: auth_user_user_permissions; Type: TABLE; Schema: public; Owner: scull_suite
--

CREATE TABLE public.auth_user_user_permissions (
    id bigint NOT NULL,
    user_id integer NOT NULL,
    permission_id integer NOT NULL
);


ALTER TABLE public.auth_user_user_permissions OWNER TO scull_suite;

--
-- Name: auth_user_user_permissions_id_seq; Type: SEQUENCE; Schema: public; Owner: scull_suite
--

ALTER TABLE public.auth_user_user_permissions ALTER COLUMN id ADD GENERATED BY DEFAULT AS IDENTITY (
    SEQUENCE NAME public.auth_user_user_permissions_id_seq
    START WITH 1
    INCREMENT BY 1
    NO MINVALUE
    NO MAXVALUE
    CACHE 1
);


--
-- Name: bazaar_ad; Type: TABLE; Schema: public; Owner: scull_suite
--

CREATE TABLE public.bazaar_ad (
    id bigint NOT NULL,
    title character varying(64) NOT NULL,
    description character varying(254) NOT NULL,
    price numeric(10,2) NOT NULL,
    address character varying(64) NOT NULL,
    name character varying(32) NOT NULL,
    phone character varying(16) NOT NULL,
    mail character varying(254) NOT NULL,
    date date NOT NULL,
    status integer NOT NULL,
    picture_0 character varying(100) NOT NULL,
    picture_1 character varying(100) NOT NULL,
    picture_2 character varying(100) NOT NULL,
    picture_3 character varying(100) NOT NULL,
    picture_4 character varying(100) NOT NULL,
    picture_5 character varying(100) NOT NULL,
    picture_6 character varying(100) NOT NULL,
    picture_7 character varying(100) NOT NULL,
    picture_8 character varying(100) NOT NULL,
    picture_9 character varying(100) NOT NULL,
    rank numeric(10,2) NOT NULL,
    moderator_id integer,
    category_id bigint NOT NULL,
    currency_id bigint NOT NULL
);


ALTER TABLE public.bazaar_ad OWNER TO scull_suite;

--
-- Name: bazaar_ad_alternative_currencies; Type: TABLE; Schema: public; Owner: scull_suite
--

CREATE TABLE public.bazaar_ad_alternative_currencies (
    id bigint NOT NULL,
    ad_id bigint NOT NULL,
    currency_id bigint NOT NULL
);


ALTER TABLE public.bazaar_ad_alternative_currencies OWNER TO scull_suite;

--
-- Name: bazaar_ad_alternative_currencies_id_seq; Type: SEQUENCE; Schema: public; Owner: scull_suite
--

ALTER TABLE public.bazaar_ad_alternative_currencies ALTER COLUMN id ADD GENERATED BY DEFAULT AS IDENTITY (
    SEQUENCE NAME public.bazaar_ad_alternative_currencies_id_seq
    START WITH 1
    INCREMENT BY 1
    NO MINVALUE
    NO MAXVALUE
    CACHE 1
);


--
-- Name: bazaar_ad_id_seq; Type: SEQUENCE; Schema: public; Owner: scull_suite
--

ALTER TABLE public.bazaar_ad ALTER COLUMN id ADD GENERATED BY DEFAULT AS IDENTITY (
    SEQUENCE NAME public.bazaar_ad_id_seq
    START WITH 1
    INCREMENT BY 1
    NO MINVALUE
    NO MAXVALUE
    CACHE 1
);


--
-- Name: bazaar_category; Type: TABLE; Schema: public; Owner: scull_suite
--

CREATE TABLE public.bazaar_category (
    id bigint NOT NULL,
    name character varying(32) NOT NULL,
    picture character varying(100),
    priority integer,
    parent_category_id bigint
);


ALTER TABLE public.bazaar_category OWNER TO scull_suite;

--
-- Name: bazaar_category_id_seq; Type: SEQUENCE; Schema: public; Owner: scull_suite
--

ALTER TABLE public.bazaar_category ALTER COLUMN id ADD GENERATED BY DEFAULT AS IDENTITY (
    SEQUENCE NAME public.bazaar_category_id_seq
    START WITH 1
    INCREMENT BY 1
    NO MINVALUE
    NO MAXVALUE
    CACHE 1
);


--
-- Name: bazaar_currency; Type: TABLE; Schema: public; Owner: scull_suite
--

CREATE TABLE public.bazaar_currency (
    id bigint NOT NULL,
    name character varying(32) NOT NULL,
    code character varying(4) NOT NULL
);


ALTER TABLE public.bazaar_currency OWNER TO scull_suite;

--
-- Name: bazaar_currency_id_seq; Type: SEQUENCE; Schema: public; Owner: scull_suite
--

ALTER TABLE public.bazaar_currency ALTER COLUMN id ADD GENERATED BY DEFAULT AS IDENTITY (
    SEQUENCE NAME public.bazaar_currency_id_seq
    START WITH 1
    INCREMENT BY 1
    NO MINVALUE
    NO MAXVALUE
    CACHE 1
);


--
-- Name: bazaar_report; Type: TABLE; Schema: public; Owner: scull_suite
--

CREATE TABLE public.bazaar_report (
    id bigint NOT NULL,
    reason integer NOT NULL,
    description character varying(254) NOT NULL,
    date timestamp with time zone NOT NULL,
    readed boolean NOT NULL,
    ad_id bigint NOT NULL,
    moderator_id integer
);


ALTER TABLE public.bazaar_report OWNER TO scull_suite;

--
-- Name: bazaar_report_id_seq; Type: SEQUENCE; Schema: public; Owner: scull_suite
--

ALTER TABLE public.bazaar_report ALTER COLUMN id ADD GENERATED BY DEFAULT AS IDENTITY (
    SEQUENCE NAME public.bazaar_report_id_seq
    START WITH 1
    INCREMENT BY 1
    NO MINVALUE
    NO MAXVALUE
    CACHE 1
);


--
-- Name: django_admin_log; Type: TABLE; Schema: public; Owner: scull_suite
--

CREATE TABLE public.django_admin_log (
    id integer NOT NULL,
    action_time timestamp with time zone NOT NULL,
    object_id text,
    object_repr character varying(200) NOT NULL,
    action_flag smallint NOT NULL,
    change_message text NOT NULL,
    content_type_id integer,
    user_id integer NOT NULL,
    CONSTRAINT django_admin_log_action_flag_check CHECK ((action_flag >= 0))
);


ALTER TABLE public.django_admin_log OWNER TO scull_suite;

--
-- Name: django_admin_log_id_seq; Type: SEQUENCE; Schema: public; Owner: scull_suite
--

ALTER TABLE public.django_admin_log ALTER COLUMN id ADD GENERATED BY DEFAULT AS IDENTITY (
    SEQUENCE NAME public.django_admin_log_id_seq
    START WITH 1
    INCREMENT BY 1
    NO MINVALUE
    NO MAXVALUE
    CACHE 1
);


--
-- Name: django_content_type; Type: TABLE; Schema: public; Owner: scull_suite
--

CREATE TABLE public.django_content_type (
    id integer NOT NULL,
    app_label character varying(100) NOT NULL,
    model character varying(100) NOT NULL
);


ALTER TABLE public.django_content_type OWNER TO scull_suite;

--
-- Name: django_content_type_id_seq; Type: SEQUENCE; Schema: public; Owner: scull_suite
--

ALTER TABLE public.django_content_type ALTER COLUMN id ADD GENERATED BY DEFAULT AS IDENTITY (
    SEQUENCE NAME public.django_content_type_id_seq
    START WITH 1
    INCREMENT BY 1
    NO MINVALUE
    NO MAXVALUE
    CACHE 1
);


--
-- Name: django_migrations; Type: TABLE; Schema: public; Owner: scull_suite
--

CREATE TABLE public.django_migrations (
    id bigint NOT NULL,
    app character varying(255) NOT NULL,
    name character varying(255) NOT NULL,
    applied timestamp with time zone NOT NULL
);


ALTER TABLE public.django_migrations OWNER TO scull_suite;

--
-- Name: django_migrations_id_seq; Type: SEQUENCE; Schema: public; Owner: scull_suite
--

ALTER TABLE public.django_migrations ALTER COLUMN id ADD GENERATED BY DEFAULT AS IDENTITY (
    SEQUENCE NAME public.django_migrations_id_seq
    START WITH 1
    INCREMENT BY 1
    NO MINVALUE
    NO MAXVALUE
    CACHE 1
);


--
-- Name: django_session; Type: TABLE; Schema: public; Owner: scull_suite
--

CREATE TABLE public.django_session (
    session_key character varying(40) NOT NULL,
    session_data text NOT NULL,
    expire_date timestamp with time zone NOT NULL
);


ALTER TABLE public.django_session OWNER TO scull_suite;

--
-- Name: note_note; Type: TABLE; Schema: public; Owner: scull_suite
--

CREATE TABLE public.note_note (
    id bigint NOT NULL,
    title character varying(50) NOT NULL,
    body text NOT NULL,
    tags character varying(50) NOT NULL,
    date date NOT NULL,
    "time" time without time zone NOT NULL,
    owner_id integer NOT NULL
);


ALTER TABLE public.note_note OWNER TO scull_suite;

--
-- Name: note_note_id_seq; Type: SEQUENCE; Schema: public; Owner: scull_suite
--

ALTER TABLE public.note_note ALTER COLUMN id ADD GENERATED BY DEFAULT AS IDENTITY (
    SEQUENCE NAME public.note_note_id_seq
    START WITH 1
    INCREMENT BY 1
    NO MINVALUE
    NO MAXVALUE
    CACHE 1
);


--
-- Name: restaurant_review; Type: TABLE; Schema: public; Owner: scull_suite
--

CREATE TABLE public.restaurant_review (
    id bigint NOT NULL,
    body text NOT NULL,
    prediction integer,
    datetime timestamp with time zone NOT NULL,
    email character varying(254) NOT NULL,
    name text NOT NULL
);


ALTER TABLE public.restaurant_review OWNER TO scull_suite;

--
-- Name: restaurant_review_id_seq; Type: SEQUENCE; Schema: public; Owner: scull_suite
--

ALTER TABLE public.restaurant_review ALTER COLUMN id ADD GENERATED BY DEFAULT AS IDENTITY (
    SEQUENCE NAME public.restaurant_review_id_seq
    START WITH 1
    INCREMENT BY 1
    NO MINVALUE
    NO MAXVALUE
    CACHE 1
);


--
-- Data for Name: auth_group; Type: TABLE DATA; Schema: public; Owner: scull_suite
--

COPY public.auth_group (id, name) FROM stdin;
\.


--
-- Data for Name: auth_group_permissions; Type: TABLE DATA; Schema: public; Owner: scull_suite
--

COPY public.auth_group_permissions (id, group_id, permission_id) FROM stdin;
\.


--
-- Data for Name: auth_permission; Type: TABLE DATA; Schema: public; Owner: scull_suite
--

COPY public.auth_permission (id, name, content_type_id, codename) FROM stdin;
1	Can add log entry	1	add_logentry
2	Can change log entry	1	change_logentry
3	Can delete log entry	1	delete_logentry
4	Can view log entry	1	view_logentry
5	Can add permission	2	add_permission
6	Can change permission	2	change_permission
7	Can delete permission	2	delete_permission
8	Can view permission	2	view_permission
9	Can add group	3	add_group
10	Can change group	3	change_group
11	Can delete group	3	delete_group
12	Can view group	3	view_group
13	Can add user	4	add_user
14	Can change user	4	change_user
15	Can delete user	4	delete_user
16	Can view user	4	view_user
17	Can add content type	5	add_contenttype
18	Can change content type	5	change_contenttype
19	Can delete content type	5	delete_contenttype
20	Can view content type	5	view_contenttype
21	Can add session	6	add_session
22	Can change session	6	change_session
23	Can delete session	6	delete_session
24	Can view session	6	view_session
25	Can add note	7	add_note
26	Can change note	7	change_note
27	Can delete note	7	delete_note
28	Can view note	7	view_note
29	Can add currency	8	add_currency
30	Can change currency	8	change_currency
31	Can delete currency	8	delete_currency
32	Can view currency	8	view_currency
33	Can add category	9	add_category
34	Can change category	9	change_category
35	Can delete category	9	delete_category
36	Can view category	9	view_category
37	Can add ad	10	add_ad
38	Can change ad	10	change_ad
39	Can delete ad	10	delete_ad
40	Can view ad	10	view_ad
41	Can add report	11	add_report
42	Can change report	11	change_report
43	Can delete report	11	delete_report
44	Can view report	11	view_report
45	Can add review	12	add_review
46	Can change review	12	change_review
47	Can delete review	12	delete_review
48	Can view review	12	view_review
\.


--
-- Data for Name: auth_user; Type: TABLE DATA; Schema: public; Owner: scull_suite
--

COPY public.auth_user (id, password, last_login, is_superuser, username, first_name, last_name, email, is_staff, is_active, date_joined) FROM stdin;
\.


--
-- Data for Name: auth_user_groups; Type: TABLE DATA; Schema: public; Owner: scull_suite
--

COPY public.auth_user_groups (id, user_id, group_id) FROM stdin;
\.


--
-- Data for Name: auth_user_user_permissions; Type: TABLE DATA; Schema: public; Owner: scull_suite
--

COPY public.auth_user_user_permissions (id, user_id, permission_id) FROM stdin;
\.


--
-- Data for Name: bazaar_ad; Type: TABLE DATA; Schema: public; Owner: scull_suite
--

COPY public.bazaar_ad (id, title, description, price, address, name, phone, mail, date, status, picture_0, picture_1, picture_2, picture_3, picture_4, picture_5, picture_6, picture_7, picture_8, picture_9, rank, moderator_id, category_id, currency_id) FROM stdin;
\.


--
-- Data for Name: bazaar_ad_alternative_currencies; Type: TABLE DATA; Schema: public; Owner: scull_suite
--

COPY public.bazaar_ad_alternative_currencies (id, ad_id, currency_id) FROM stdin;
\.


--
-- Data for Name: bazaar_category; Type: TABLE DATA; Schema: public; Owner: scull_suite
--

COPY public.bazaar_category (id, name, picture, priority, parent_category_id) FROM stdin;
\.


--
-- Data for Name: bazaar_currency; Type: TABLE DATA; Schema: public; Owner: scull_suite
--

COPY public.bazaar_currency (id, name, code) FROM stdin;
\.


--
-- Data for Name: bazaar_report; Type: TABLE DATA; Schema: public; Owner: scull_suite
--

COPY public.bazaar_report (id, reason, description, date, readed, ad_id, moderator_id) FROM stdin;
\.


--
-- Data for Name: django_admin_log; Type: TABLE DATA; Schema: public; Owner: scull_suite
--

COPY public.django_admin_log (id, action_time, object_id, object_repr, action_flag, change_message, content_type_id, user_id) FROM stdin;
\.


--
-- Data for Name: django_content_type; Type: TABLE DATA; Schema: public; Owner: scull_suite
--

COPY public.django_content_type (id, app_label, model) FROM stdin;
1	admin	logentry
2	auth	permission
3	auth	group
4	auth	user
5	contenttypes	contenttype
6	sessions	session
7	note	note
8	bazaar	currency
9	bazaar	category
10	bazaar	ad
11	bazaar	report
12	restaurant	review
\.


--
-- Data for Name: django_migrations; Type: TABLE DATA; Schema: public; Owner: scull_suite
--

COPY public.django_migrations (id, app, name, applied) FROM stdin;
1	contenttypes	0001_initial	2024-09-02 09:03:29.740898-04
2	auth	0001_initial	2024-09-02 09:03:30.429861-04
3	admin	0001_initial	2024-09-02 09:03:30.61806-04
4	admin	0002_logentry_remove_auto_add	2024-09-02 09:03:30.646159-04
5	admin	0003_logentry_add_action_flag_choices	2024-09-02 09:03:30.670329-04
6	contenttypes	0002_remove_content_type_name	2024-09-02 09:03:30.725667-04
7	auth	0002_alter_permission_name_max_length	2024-09-02 09:03:30.756889-04
8	auth	0003_alter_user_email_max_length	2024-09-02 09:03:30.783404-04
9	auth	0004_alter_user_username_opts	2024-09-02 09:03:30.808239-04
10	auth	0005_alter_user_last_login_null	2024-09-02 09:03:30.836771-04
11	auth	0006_require_contenttypes_0002	2024-09-02 09:03:30.853276-04
12	auth	0007_alter_validators_add_error_messages	2024-09-02 09:03:30.885112-04
13	auth	0008_alter_user_username_max_length	2024-09-02 09:03:30.941526-04
14	auth	0009_alter_user_last_name_max_length	2024-09-02 09:03:31.039611-04
15	auth	0010_alter_group_name_max_length	2024-09-02 09:03:31.066469-04
16	auth	0011_update_proxy_permissions	2024-09-02 09:03:31.083175-04
17	auth	0012_alter_user_first_name_max_length	2024-09-02 09:03:31.103483-04
18	bazaar	0001_initial	2024-09-02 09:03:31.665379-04
19	bazaar	0002_alter_category_parent_category	2024-09-02 09:03:31.715847-04
20	bazaar	0003_alter_category_priority	2024-09-02 09:03:31.729869-04
21	bazaar	0004_alter_category_picture	2024-09-02 09:03:31.747298-04
22	note	0001_initial	2024-09-02 09:03:31.876973-04
23	restaurant	0001_initial	2024-09-02 09:03:32.008819-04
24	restaurant	0002_remove_review_title_review_email_review_name	2024-09-02 09:03:32.034237-04
25	restaurant	0003_alter_review_options_delete_answer	2024-09-02 09:03:32.053245-04
26	sessions	0001_initial	2024-09-02 09:03:32.173039-04
\.


--
-- Data for Name: django_session; Type: TABLE DATA; Schema: public; Owner: scull_suite
--

COPY public.django_session (session_key, session_data, expire_date) FROM stdin;
\.


--
-- Data for Name: note_note; Type: TABLE DATA; Schema: public; Owner: scull_suite
--

COPY public.note_note (id, title, body, tags, date, "time", owner_id) FROM stdin;
\.


--
-- Data for Name: restaurant_review; Type: TABLE DATA; Schema: public; Owner: scull_suite
--

COPY public.restaurant_review (id, body, prediction, datetime, email, name) FROM stdin;
\.


--
-- Name: auth_group_id_seq; Type: SEQUENCE SET; Schema: public; Owner: scull_suite
--

SELECT pg_catalog.setval('public.auth_group_id_seq', 1, false);


--
-- Name: auth_group_permissions_id_seq; Type: SEQUENCE SET; Schema: public; Owner: scull_suite
--

SELECT pg_catalog.setval('public.auth_group_permissions_id_seq', 1, false);


--
-- Name: auth_permission_id_seq; Type: SEQUENCE SET; Schema: public; Owner: scull_suite
--

SELECT pg_catalog.setval('public.auth_permission_id_seq', 48, true);


--
-- Name: auth_user_groups_id_seq; Type: SEQUENCE SET; Schema: public; Owner: scull_suite
--

SELECT pg_catalog.setval('public.auth_user_groups_id_seq', 1, false);


--
-- Name: auth_user_id_seq; Type: SEQUENCE SET; Schema: public; Owner: scull_suite
--

SELECT pg_catalog.setval('public.auth_user_id_seq', 1, false);


--
-- Name: auth_user_user_permissions_id_seq; Type: SEQUENCE SET; Schema: public; Owner: scull_suite
--

SELECT pg_catalog.setval('public.auth_user_user_permissions_id_seq', 1, false);


--
-- Name: bazaar_ad_alternative_currencies_id_seq; Type: SEQUENCE SET; Schema: public; Owner: scull_suite
--

SELECT pg_catalog.setval('public.bazaar_ad_alternative_currencies_id_seq', 1, false);


--
-- Name: bazaar_ad_id_seq; Type: SEQUENCE SET; Schema: public; Owner: scull_suite
--

SELECT pg_catalog.setval('public.bazaar_ad_id_seq', 1, false);


--
-- Name: bazaar_category_id_seq; Type: SEQUENCE SET; Schema: public; Owner: scull_suite
--

SELECT pg_catalog.setval('public.bazaar_category_id_seq', 1, false);


--
-- Name: bazaar_currency_id_seq; Type: SEQUENCE SET; Schema: public; Owner: scull_suite
--

SELECT pg_catalog.setval('public.bazaar_currency_id_seq', 1, false);


--
-- Name: bazaar_report_id_seq; Type: SEQUENCE SET; Schema: public; Owner: scull_suite
--

SELECT pg_catalog.setval('public.bazaar_report_id_seq', 1, false);


--
-- Name: django_admin_log_id_seq; Type: SEQUENCE SET; Schema: public; Owner: scull_suite
--

SELECT pg_catalog.setval('public.django_admin_log_id_seq', 1, false);


--
-- Name: django_content_type_id_seq; Type: SEQUENCE SET; Schema: public; Owner: scull_suite
--

SELECT pg_catalog.setval('public.django_content_type_id_seq', 12, true);


--
-- Name: django_migrations_id_seq; Type: SEQUENCE SET; Schema: public; Owner: scull_suite
--

SELECT pg_catalog.setval('public.django_migrations_id_seq', 26, true);


--
-- Name: note_note_id_seq; Type: SEQUENCE SET; Schema: public; Owner: scull_suite
--

SELECT pg_catalog.setval('public.note_note_id_seq', 1, false);


--
-- Name: restaurant_review_id_seq; Type: SEQUENCE SET; Schema: public; Owner: scull_suite
--

SELECT pg_catalog.setval('public.restaurant_review_id_seq', 1, false);


--
-- Name: auth_group auth_group_name_key; Type: CONSTRAINT; Schema: public; Owner: scull_suite
--

ALTER TABLE ONLY public.auth_group
    ADD CONSTRAINT auth_group_name_key UNIQUE (name);


--
-- Name: auth_group_permissions auth_group_permissions_group_id_permission_id_0cd325b0_uniq; Type: CONSTRAINT; Schema: public; Owner: scull_suite
--

ALTER TABLE ONLY public.auth_group_permissions
    ADD CONSTRAINT auth_group_permissions_group_id_permission_id_0cd325b0_uniq UNIQUE (group_id, permission_id);


--
-- Name: auth_group_permissions auth_group_permissions_pkey; Type: CONSTRAINT; Schema: public; Owner: scull_suite
--

ALTER TABLE ONLY public.auth_group_permissions
    ADD CONSTRAINT auth_group_permissions_pkey PRIMARY KEY (id);


--
-- Name: auth_group auth_group_pkey; Type: CONSTRAINT; Schema: public; Owner: scull_suite
--

ALTER TABLE ONLY public.auth_group
    ADD CONSTRAINT auth_group_pkey PRIMARY KEY (id);


--
-- Name: auth_permission auth_permission_content_type_id_codename_01ab375a_uniq; Type: CONSTRAINT; Schema: public; Owner: scull_suite
--

ALTER TABLE ONLY public.auth_permission
    ADD CONSTRAINT auth_permission_content_type_id_codename_01ab375a_uniq UNIQUE (content_type_id, codename);


--
-- Name: auth_permission auth_permission_pkey; Type: CONSTRAINT; Schema: public; Owner: scull_suite
--

ALTER TABLE ONLY public.auth_permission
    ADD CONSTRAINT auth_permission_pkey PRIMARY KEY (id);


--
-- Name: auth_user_groups auth_user_groups_pkey; Type: CONSTRAINT; Schema: public; Owner: scull_suite
--

ALTER TABLE ONLY public.auth_user_groups
    ADD CONSTRAINT auth_user_groups_pkey PRIMARY KEY (id);


--
-- Name: auth_user_groups auth_user_groups_user_id_group_id_94350c0c_uniq; Type: CONSTRAINT; Schema: public; Owner: scull_suite
--

ALTER TABLE ONLY public.auth_user_groups
    ADD CONSTRAINT auth_user_groups_user_id_group_id_94350c0c_uniq UNIQUE (user_id, group_id);


--
-- Name: auth_user auth_user_pkey; Type: CONSTRAINT; Schema: public; Owner: scull_suite
--

ALTER TABLE ONLY public.auth_user
    ADD CONSTRAINT auth_user_pkey PRIMARY KEY (id);


--
-- Name: auth_user_user_permissions auth_user_user_permissions_pkey; Type: CONSTRAINT; Schema: public; Owner: scull_suite
--

ALTER TABLE ONLY public.auth_user_user_permissions
    ADD CONSTRAINT auth_user_user_permissions_pkey PRIMARY KEY (id);


--
-- Name: auth_user_user_permissions auth_user_user_permissions_user_id_permission_id_14a6b632_uniq; Type: CONSTRAINT; Schema: public; Owner: scull_suite
--

ALTER TABLE ONLY public.auth_user_user_permissions
    ADD CONSTRAINT auth_user_user_permissions_user_id_permission_id_14a6b632_uniq UNIQUE (user_id, permission_id);


--
-- Name: auth_user auth_user_username_key; Type: CONSTRAINT; Schema: public; Owner: scull_suite
--

ALTER TABLE ONLY public.auth_user
    ADD CONSTRAINT auth_user_username_key UNIQUE (username);


--
-- Name: bazaar_ad_alternative_currencies bazaar_ad_alternative_cu_ad_id_currency_id_fbc495ba_uniq; Type: CONSTRAINT; Schema: public; Owner: scull_suite
--

ALTER TABLE ONLY public.bazaar_ad_alternative_currencies
    ADD CONSTRAINT bazaar_ad_alternative_cu_ad_id_currency_id_fbc495ba_uniq UNIQUE (ad_id, currency_id);


--
-- Name: bazaar_ad_alternative_currencies bazaar_ad_alternative_currencies_pkey; Type: CONSTRAINT; Schema: public; Owner: scull_suite
--

ALTER TABLE ONLY public.bazaar_ad_alternative_currencies
    ADD CONSTRAINT bazaar_ad_alternative_currencies_pkey PRIMARY KEY (id);


--
-- Name: bazaar_ad bazaar_ad_pkey; Type: CONSTRAINT; Schema: public; Owner: scull_suite
--

ALTER TABLE ONLY public.bazaar_ad
    ADD CONSTRAINT bazaar_ad_pkey PRIMARY KEY (id);


--
-- Name: bazaar_category bazaar_category_name_key; Type: CONSTRAINT; Schema: public; Owner: scull_suite
--

ALTER TABLE ONLY public.bazaar_category
    ADD CONSTRAINT bazaar_category_name_key UNIQUE (name);


--
-- Name: bazaar_category bazaar_category_pkey; Type: CONSTRAINT; Schema: public; Owner: scull_suite
--

ALTER TABLE ONLY public.bazaar_category
    ADD CONSTRAINT bazaar_category_pkey PRIMARY KEY (id);


--
-- Name: bazaar_currency bazaar_currency_code_key; Type: CONSTRAINT; Schema: public; Owner: scull_suite
--

ALTER TABLE ONLY public.bazaar_currency
    ADD CONSTRAINT bazaar_currency_code_key UNIQUE (code);


--
-- Name: bazaar_currency bazaar_currency_name_key; Type: CONSTRAINT; Schema: public; Owner: scull_suite
--

ALTER TABLE ONLY public.bazaar_currency
    ADD CONSTRAINT bazaar_currency_name_key UNIQUE (name);


--
-- Name: bazaar_currency bazaar_currency_pkey; Type: CONSTRAINT; Schema: public; Owner: scull_suite
--

ALTER TABLE ONLY public.bazaar_currency
    ADD CONSTRAINT bazaar_currency_pkey PRIMARY KEY (id);


--
-- Name: bazaar_report bazaar_report_ad_id_key; Type: CONSTRAINT; Schema: public; Owner: scull_suite
--

ALTER TABLE ONLY public.bazaar_report
    ADD CONSTRAINT bazaar_report_ad_id_key UNIQUE (ad_id);


--
-- Name: bazaar_report bazaar_report_pkey; Type: CONSTRAINT; Schema: public; Owner: scull_suite
--

ALTER TABLE ONLY public.bazaar_report
    ADD CONSTRAINT bazaar_report_pkey PRIMARY KEY (id);


--
-- Name: django_admin_log django_admin_log_pkey; Type: CONSTRAINT; Schema: public; Owner: scull_suite
--

ALTER TABLE ONLY public.django_admin_log
    ADD CONSTRAINT django_admin_log_pkey PRIMARY KEY (id);


--
-- Name: django_content_type django_content_type_app_label_model_76bd3d3b_uniq; Type: CONSTRAINT; Schema: public; Owner: scull_suite
--

ALTER TABLE ONLY public.django_content_type
    ADD CONSTRAINT django_content_type_app_label_model_76bd3d3b_uniq UNIQUE (app_label, model);


--
-- Name: django_content_type django_content_type_pkey; Type: CONSTRAINT; Schema: public; Owner: scull_suite
--

ALTER TABLE ONLY public.django_content_type
    ADD CONSTRAINT django_content_type_pkey PRIMARY KEY (id);


--
-- Name: django_migrations django_migrations_pkey; Type: CONSTRAINT; Schema: public; Owner: scull_suite
--

ALTER TABLE ONLY public.django_migrations
    ADD CONSTRAINT django_migrations_pkey PRIMARY KEY (id);


--
-- Name: django_session django_session_pkey; Type: CONSTRAINT; Schema: public; Owner: scull_suite
--

ALTER TABLE ONLY public.django_session
    ADD CONSTRAINT django_session_pkey PRIMARY KEY (session_key);


--
-- Name: note_note note_note_pkey; Type: CONSTRAINT; Schema: public; Owner: scull_suite
--

ALTER TABLE ONLY public.note_note
    ADD CONSTRAINT note_note_pkey PRIMARY KEY (id);


--
-- Name: restaurant_review restaurant_review_pkey; Type: CONSTRAINT; Schema: public; Owner: scull_suite
--

ALTER TABLE ONLY public.restaurant_review
    ADD CONSTRAINT restaurant_review_pkey PRIMARY KEY (id);


--
-- Name: auth_group_name_a6ea08ec_like; Type: INDEX; Schema: public; Owner: scull_suite
--

CREATE INDEX auth_group_name_a6ea08ec_like ON public.auth_group USING btree (name varchar_pattern_ops);


--
-- Name: auth_group_permissions_group_id_b120cbf9; Type: INDEX; Schema: public; Owner: scull_suite
--

CREATE INDEX auth_group_permissions_group_id_b120cbf9 ON public.auth_group_permissions USING btree (group_id);


--
-- Name: auth_group_permissions_permission_id_84c5c92e; Type: INDEX; Schema: public; Owner: scull_suite
--

CREATE INDEX auth_group_permissions_permission_id_84c5c92e ON public.auth_group_permissions USING btree (permission_id);


--
-- Name: auth_permission_content_type_id_2f476e4b; Type: INDEX; Schema: public; Owner: scull_suite
--

CREATE INDEX auth_permission_content_type_id_2f476e4b ON public.auth_permission USING btree (content_type_id);


--
-- Name: auth_user_groups_group_id_97559544; Type: INDEX; Schema: public; Owner: scull_suite
--

CREATE INDEX auth_user_groups_group_id_97559544 ON public.auth_user_groups USING btree (group_id);


--
-- Name: auth_user_groups_user_id_6a12ed8b; Type: INDEX; Schema: public; Owner: scull_suite
--

CREATE INDEX auth_user_groups_user_id_6a12ed8b ON public.auth_user_groups USING btree (user_id);


--
-- Name: auth_user_user_permissions_permission_id_1fbb5f2c; Type: INDEX; Schema: public; Owner: scull_suite
--

CREATE INDEX auth_user_user_permissions_permission_id_1fbb5f2c ON public.auth_user_user_permissions USING btree (permission_id);


--
-- Name: auth_user_user_permissions_user_id_a95ead1b; Type: INDEX; Schema: public; Owner: scull_suite
--

CREATE INDEX auth_user_user_permissions_user_id_a95ead1b ON public.auth_user_user_permissions USING btree (user_id);


--
-- Name: auth_user_username_6821ab7c_like; Type: INDEX; Schema: public; Owner: scull_suite
--

CREATE INDEX auth_user_username_6821ab7c_like ON public.auth_user USING btree (username varchar_pattern_ops);


--
-- Name: bazaar_ad_alternative_currencies_ad_id_07239eb7; Type: INDEX; Schema: public; Owner: scull_suite
--

CREATE INDEX bazaar_ad_alternative_currencies_ad_id_07239eb7 ON public.bazaar_ad_alternative_currencies USING btree (ad_id);


--
-- Name: bazaar_ad_alternative_currencies_currency_id_6ad53370; Type: INDEX; Schema: public; Owner: scull_suite
--

CREATE INDEX bazaar_ad_alternative_currencies_currency_id_6ad53370 ON public.bazaar_ad_alternative_currencies USING btree (currency_id);


--
-- Name: bazaar_ad_category_id_e61fef70; Type: INDEX; Schema: public; Owner: scull_suite
--

CREATE INDEX bazaar_ad_category_id_e61fef70 ON public.bazaar_ad USING btree (category_id);


--
-- Name: bazaar_ad_currency_id_219f9eb1; Type: INDEX; Schema: public; Owner: scull_suite
--

CREATE INDEX bazaar_ad_currency_id_219f9eb1 ON public.bazaar_ad USING btree (currency_id);


--
-- Name: bazaar_ad_moderator_id_60ea6420; Type: INDEX; Schema: public; Owner: scull_suite
--

CREATE INDEX bazaar_ad_moderator_id_60ea6420 ON public.bazaar_ad USING btree (moderator_id);


--
-- Name: bazaar_category_name_1107b3ba_like; Type: INDEX; Schema: public; Owner: scull_suite
--

CREATE INDEX bazaar_category_name_1107b3ba_like ON public.bazaar_category USING btree (name varchar_pattern_ops);


--
-- Name: bazaar_category_parent_category_id_5c942d64; Type: INDEX; Schema: public; Owner: scull_suite
--

CREATE INDEX bazaar_category_parent_category_id_5c942d64 ON public.bazaar_category USING btree (parent_category_id);


--
-- Name: bazaar_currency_code_7bb8f16f_like; Type: INDEX; Schema: public; Owner: scull_suite
--

CREATE INDEX bazaar_currency_code_7bb8f16f_like ON public.bazaar_currency USING btree (code varchar_pattern_ops);


--
-- Name: bazaar_currency_name_441c1e13_like; Type: INDEX; Schema: public; Owner: scull_suite
--

CREATE INDEX bazaar_currency_name_441c1e13_like ON public.bazaar_currency USING btree (name varchar_pattern_ops);


--
-- Name: bazaar_report_moderator_id_76bfe560; Type: INDEX; Schema: public; Owner: scull_suite
--

CREATE INDEX bazaar_report_moderator_id_76bfe560 ON public.bazaar_report USING btree (moderator_id);


--
-- Name: django_admin_log_content_type_id_c4bce8eb; Type: INDEX; Schema: public; Owner: scull_suite
--

CREATE INDEX django_admin_log_content_type_id_c4bce8eb ON public.django_admin_log USING btree (content_type_id);


--
-- Name: django_admin_log_user_id_c564eba6; Type: INDEX; Schema: public; Owner: scull_suite
--

CREATE INDEX django_admin_log_user_id_c564eba6 ON public.django_admin_log USING btree (user_id);


--
-- Name: django_session_expire_date_a5c62663; Type: INDEX; Schema: public; Owner: scull_suite
--

CREATE INDEX django_session_expire_date_a5c62663 ON public.django_session USING btree (expire_date);


--
-- Name: django_session_session_key_c0390e0f_like; Type: INDEX; Schema: public; Owner: scull_suite
--

CREATE INDEX django_session_session_key_c0390e0f_like ON public.django_session USING btree (session_key varchar_pattern_ops);


--
-- Name: note_note_owner_id_9814b59c; Type: INDEX; Schema: public; Owner: scull_suite
--

CREATE INDEX note_note_owner_id_9814b59c ON public.note_note USING btree (owner_id);


--
-- Name: auth_group_permissions auth_group_permissio_permission_id_84c5c92e_fk_auth_perm; Type: FK CONSTRAINT; Schema: public; Owner: scull_suite
--

ALTER TABLE ONLY public.auth_group_permissions
    ADD CONSTRAINT auth_group_permissio_permission_id_84c5c92e_fk_auth_perm FOREIGN KEY (permission_id) REFERENCES public.auth_permission(id) DEFERRABLE INITIALLY DEFERRED;


--
-- Name: auth_group_permissions auth_group_permissions_group_id_b120cbf9_fk_auth_group_id; Type: FK CONSTRAINT; Schema: public; Owner: scull_suite
--

ALTER TABLE ONLY public.auth_group_permissions
    ADD CONSTRAINT auth_group_permissions_group_id_b120cbf9_fk_auth_group_id FOREIGN KEY (group_id) REFERENCES public.auth_group(id) DEFERRABLE INITIALLY DEFERRED;


--
-- Name: auth_permission auth_permission_content_type_id_2f476e4b_fk_django_co; Type: FK CONSTRAINT; Schema: public; Owner: scull_suite
--

ALTER TABLE ONLY public.auth_permission
    ADD CONSTRAINT auth_permission_content_type_id_2f476e4b_fk_django_co FOREIGN KEY (content_type_id) REFERENCES public.django_content_type(id) DEFERRABLE INITIALLY DEFERRED;


--
-- Name: auth_user_groups auth_user_groups_group_id_97559544_fk_auth_group_id; Type: FK CONSTRAINT; Schema: public; Owner: scull_suite
--

ALTER TABLE ONLY public.auth_user_groups
    ADD CONSTRAINT auth_user_groups_group_id_97559544_fk_auth_group_id FOREIGN KEY (group_id) REFERENCES public.auth_group(id) DEFERRABLE INITIALLY DEFERRED;


--
-- Name: auth_user_groups auth_user_groups_user_id_6a12ed8b_fk_auth_user_id; Type: FK CONSTRAINT; Schema: public; Owner: scull_suite
--

ALTER TABLE ONLY public.auth_user_groups
    ADD CONSTRAINT auth_user_groups_user_id_6a12ed8b_fk_auth_user_id FOREIGN KEY (user_id) REFERENCES public.auth_user(id) DEFERRABLE INITIALLY DEFERRED;


--
-- Name: auth_user_user_permissions auth_user_user_permi_permission_id_1fbb5f2c_fk_auth_perm; Type: FK CONSTRAINT; Schema: public; Owner: scull_suite
--

ALTER TABLE ONLY public.auth_user_user_permissions
    ADD CONSTRAINT auth_user_user_permi_permission_id_1fbb5f2c_fk_auth_perm FOREIGN KEY (permission_id) REFERENCES public.auth_permission(id) DEFERRABLE INITIALLY DEFERRED;


--
-- Name: auth_user_user_permissions auth_user_user_permissions_user_id_a95ead1b_fk_auth_user_id; Type: FK CONSTRAINT; Schema: public; Owner: scull_suite
--

ALTER TABLE ONLY public.auth_user_user_permissions
    ADD CONSTRAINT auth_user_user_permissions_user_id_a95ead1b_fk_auth_user_id FOREIGN KEY (user_id) REFERENCES public.auth_user(id) DEFERRABLE INITIALLY DEFERRED;


--
-- Name: bazaar_ad_alternative_currencies bazaar_ad_alternativ_currency_id_6ad53370_fk_bazaar_cu; Type: FK CONSTRAINT; Schema: public; Owner: scull_suite
--

ALTER TABLE ONLY public.bazaar_ad_alternative_currencies
    ADD CONSTRAINT bazaar_ad_alternativ_currency_id_6ad53370_fk_bazaar_cu FOREIGN KEY (currency_id) REFERENCES public.bazaar_currency(id) DEFERRABLE INITIALLY DEFERRED;


--
-- Name: bazaar_ad_alternative_currencies bazaar_ad_alternative_currencies_ad_id_07239eb7_fk_bazaar_ad_id; Type: FK CONSTRAINT; Schema: public; Owner: scull_suite
--

ALTER TABLE ONLY public.bazaar_ad_alternative_currencies
    ADD CONSTRAINT bazaar_ad_alternative_currencies_ad_id_07239eb7_fk_bazaar_ad_id FOREIGN KEY (ad_id) REFERENCES public.bazaar_ad(id) DEFERRABLE INITIALLY DEFERRED;


--
-- Name: bazaar_ad bazaar_ad_category_id_e61fef70_fk_bazaar_category_id; Type: FK CONSTRAINT; Schema: public; Owner: scull_suite
--

ALTER TABLE ONLY public.bazaar_ad
    ADD CONSTRAINT bazaar_ad_category_id_e61fef70_fk_bazaar_category_id FOREIGN KEY (category_id) REFERENCES public.bazaar_category(id) DEFERRABLE INITIALLY DEFERRED;


--
-- Name: bazaar_ad bazaar_ad_currency_id_219f9eb1_fk_bazaar_currency_id; Type: FK CONSTRAINT; Schema: public; Owner: scull_suite
--

ALTER TABLE ONLY public.bazaar_ad
    ADD CONSTRAINT bazaar_ad_currency_id_219f9eb1_fk_bazaar_currency_id FOREIGN KEY (currency_id) REFERENCES public.bazaar_currency(id) DEFERRABLE INITIALLY DEFERRED;


--
-- Name: bazaar_ad bazaar_ad_moderator_id_60ea6420_fk_auth_user_id; Type: FK CONSTRAINT; Schema: public; Owner: scull_suite
--

ALTER TABLE ONLY public.bazaar_ad
    ADD CONSTRAINT bazaar_ad_moderator_id_60ea6420_fk_auth_user_id FOREIGN KEY (moderator_id) REFERENCES public.auth_user(id) DEFERRABLE INITIALLY DEFERRED;


--
-- Name: bazaar_category bazaar_category_parent_category_id_5c942d64_fk_bazaar_ca; Type: FK CONSTRAINT; Schema: public; Owner: scull_suite
--

ALTER TABLE ONLY public.bazaar_category
    ADD CONSTRAINT bazaar_category_parent_category_id_5c942d64_fk_bazaar_ca FOREIGN KEY (parent_category_id) REFERENCES public.bazaar_category(id) DEFERRABLE INITIALLY DEFERRED;


--
-- Name: bazaar_report bazaar_report_ad_id_2e07874c_fk_bazaar_ad_id; Type: FK CONSTRAINT; Schema: public; Owner: scull_suite
--

ALTER TABLE ONLY public.bazaar_report
    ADD CONSTRAINT bazaar_report_ad_id_2e07874c_fk_bazaar_ad_id FOREIGN KEY (ad_id) REFERENCES public.bazaar_ad(id) DEFERRABLE INITIALLY DEFERRED;


--
-- Name: bazaar_report bazaar_report_moderator_id_76bfe560_fk_auth_user_id; Type: FK CONSTRAINT; Schema: public; Owner: scull_suite
--

ALTER TABLE ONLY public.bazaar_report
    ADD CONSTRAINT bazaar_report_moderator_id_76bfe560_fk_auth_user_id FOREIGN KEY (moderator_id) REFERENCES public.auth_user(id) DEFERRABLE INITIALLY DEFERRED;


--
-- Name: django_admin_log django_admin_log_content_type_id_c4bce8eb_fk_django_co; Type: FK CONSTRAINT; Schema: public; Owner: scull_suite
--

ALTER TABLE ONLY public.django_admin_log
    ADD CONSTRAINT django_admin_log_content_type_id_c4bce8eb_fk_django_co FOREIGN KEY (content_type_id) REFERENCES public.django_content_type(id) DEFERRABLE INITIALLY DEFERRED;


--
-- Name: django_admin_log django_admin_log_user_id_c564eba6_fk_auth_user_id; Type: FK CONSTRAINT; Schema: public; Owner: scull_suite
--

ALTER TABLE ONLY public.django_admin_log
    ADD CONSTRAINT django_admin_log_user_id_c564eba6_fk_auth_user_id FOREIGN KEY (user_id) REFERENCES public.auth_user(id) DEFERRABLE INITIALLY DEFERRED;


--
-- Name: note_note note_note_owner_id_9814b59c_fk_auth_user_id; Type: FK CONSTRAINT; Schema: public; Owner: scull_suite
--

ALTER TABLE ONLY public.note_note
    ADD CONSTRAINT note_note_owner_id_9814b59c_fk_auth_user_id FOREIGN KEY (owner_id) REFERENCES public.auth_user(id) DEFERRABLE INITIALLY DEFERRED;


--
-- PostgreSQL database dump complete
--

